{"cameraMode":{"drawMode":0,"name":"Shaded","section":"Shading Mode"},"sceneLighting":true,"audioPlay":false,"sceneViewState":{"showFog":true,"showMaterialUpdate":false,"showSkybox":true,"showFlares":true,"showImageEffects":true,"showParticleSystems":true},"in2DMode":false,"pivot":{"x":6.232081413269043,"y":1.3237347602844239,"z":-5.506470680236816},"rotation":{"x":0.12901519238948823,"y":0.3328799307346344,"z":-0.04600175470113754,"w":0.9330061674118042},"size":16.207979202270509,"orthographic":false}