{"cameraMode":{"drawMode":0,"name":"Shaded","section":"Shading Mode"},"sceneLighting":true,"audioPlay":false,"sceneViewState":{"showFog":true,"showMaterialUpdate":false,"showSkybox":true,"showFlares":true,"showImageEffects":true,"showParticleSystems":true},"in2DMode":false,"pivot":{"x":34.334747314453128,"y":0.862744927406311,"z":36.025177001953128},"rotation":{"x":-0.058372724801301959,"y":0.9367184638977051,"z":-0.19035521149635316,"w":-0.288755863904953},"size":90.90416717529297,"orthographic":false}