{"cameraMode":{"drawMode":0,"name":"Shaded","section":"Shading Mode"},"sceneLighting":true,"audioPlay":false,"sceneViewState":{"showFog":true,"showMaterialUpdate":false,"showSkybox":true,"showFlares":true,"showImageEffects":true,"showParticleSystems":true},"in2DMode":false,"pivot":{"x":21.03689956665039,"y":0.21359562873840333,"z":-21.777904510498048},"rotation":{"x":-0.049312300980091098,"y":0.8933561444282532,"z":-0.10187298059463501,"w":-0.43539923429489138},"size":2.5784623622894289,"orthographic":false}