{"cameraMode":{"drawMode":0,"name":"Shaded","section":"Shading Mode"},"sceneLighting":false,"audioPlay":false,"sceneViewState":{"showFog":true,"showMaterialUpdate":false,"showSkybox":true,"showFlares":true,"showImageEffects":true,"showParticleSystems":true},"in2DMode":false,"pivot":{"x":8.619999885559082,"y":1.4329999685287476,"z":-6.829999923706055},"rotation":{"x":0.055641185492277148,"y":-0.4891943633556366,"z":0.0313328355550766,"w":0.8698670864105225},"size":2.8578836917877199,"orthographic":false}