{"cameraMode":{"drawMode":0,"name":"Shaded","section":"Shading Mode"},"sceneLighting":false,"audioPlay":false,"sceneViewState":{"showFog":true,"showMaterialUpdate":false,"showSkybox":true,"showFlares":true,"showImageEffects":true,"showParticleSystems":true},"in2DMode":false,"pivot":{"x":1.3547532558441163,"y":1.6800000667572022,"z":-7.833343505859375},"rotation":{"x":-0.09187188744544983,"y":0.802327573299408,"z":-0.12826134264469148,"w":-0.5760425329208374},"size":6.7113423347473148,"orthographic":false}